alpha,mean_risk,std_risk,holds
0.1,0.09686666666666668,0.016178311956992847,True
0.05,0.04266666666666667,0.010388027296417308,True
0.02,0.016800000000000002,0.006631909394904474,True
