pipeline,rho,gb_test_r2,certificate_1
LEAKY,1.0,0.9989212227921919,FAIL (functional leakage)
FIXED,0.4898694560204053,0.47193214144741846,PASS
