alpha,lam,test_risk,lam_monotone
0.2,0.0,0.16266666666666665,True
0.1,0.047,0.092,True
0.05,0.081,0.044,True
0.02,0.117,0.025333333333333333,True
