sigma,branch,k,lower,upper,status
degenerate,EMERGENCY,0,0.0,0.004906429895293088,DEAD
degenerate,URGENT,276,0.3333962528696514,0.40364636097363676,LIVE
degenerate,PREVENTIVE,302,0.3673428840613225,0.4387589327321796,LIVE
degenerate,ROUTINE,172,0.19969237823164945,0.26111983105212516,LIVE
live,EMERGENCY,68,0.07109326293148027,0.11352630342012358,LIVE
live,URGENT,204,0.2404353770213299,0.3053691766231067,LIVE
live,PREVENTIVE,298,0.3621082782165454,0.43336902388574433,LIVE
live,ROUTINE,180,0.20984006936838026,0.2722200245804305,LIVE
